s_no,company_name_developer_operator,project_name,status,district,state,latitude,longitude,end_use,expected_announced_capacity_in_kilo_tonnes_per_annum_ktpa,expected_announced_capacity_electrolyser_capacity_mw,expected_announced_capacity_biomass_waste_feedstock_volume_tpd,completion_year_if_completed_expected_completion_date,source,source_table,source_url,retrieved_at_utc
1,ABC Cleantech Pvt Ltd,ABC Cleantech Karnataka Hydrogen Project,Announced,Karnataka - Mangaluru,Karnataka,12.907586,74.870942,Ammonia production,200,1268.39,-,2028.0,NGHM project portal,1,https://nghm.mnre.gov.in/project?language=en,2026-06-19T02:46:56+00:00
2,ACME Cleantech Solutions Pvt Ltd,ACME &amp; IHI Gopalpur Hydrogen Project- Phase I (Green Ammonia Project),Under construction,Ganjam,Odisha,19.289195,84.850157,Ammonia,-,447.74,-,2027.0,NGHM project portal,1,https://nghm.mnre.gov.in/project?language=en,2026-06-19T02:46:56+00:00
3,ACME Cleantech Solutions Pvt Ltd,ACME &amp; IHI Gopalpur Hydrogen Project- Phase I (Green Ammonia Project),Under Construction,Odisha,odisha,19.289195,84.850157,Green Ammonia production,70.6,447.74,-,2027.0,NGHM project portal,1,https://nghm.mnre.gov.in/project?language=en,2026-06-19T02:46:56+00:00
4,ACME Cleantech Solutions Pvt Ltd,ACME &amp; IHI Gopalpur Hydrogen Project- Phase II (Green Ammonia Project),Announced,Ganjam,Odisha,19.289195,84.850157,Ammonia,-,895.48,-,2030.0,NGHM project portal,1,https://nghm.mnre.gov.in/project?language=en,2026-06-19T02:46:56+00:00
5,nan,ACME - Green Hydrogen and Green Ammonia Plant Rajasthan,Commissioned,Rajasthan - Bikaner,nan,nan,nan,Fertilizers,314,2.100,-,nan,NGHM project portal,1,https://nghm.mnre.gov.in/project?language=en,2026-06-19T02:46:56+00:00
6,nan,ACME - Green Hydrogen and Green Ammonia Project Karnataka,Announced,Karnataka - Mangaluru,nan,nan,nan,nan,-,-,-,nan,NGHM project portal,1,https://nghm.mnre.gov.in/project?language=en,2026-06-19T02:46:56+00:00
7,nan,ACME - Green Hydrogen and Green Ammonia Project Tamil Nadu,Announced,Tamil Nadu - Thoothukudi,nan,nan,nan,Green Ammonia,213000,1500.000,-,nan,NGHM project portal,1,https://nghm.mnre.gov.in/project?language=en,2026-06-19T02:46:56+00:00
8,ACME Cleantech Solutions Pvt Ltd,ACME Bikaner Pilot Hydrogen Plant (Integrated Green Ammonia Project),Commissioned,Bikaner,Rajasthan,27.0238,74.2179,Ammonia,0.32,2.5,-,2021.0,NGHM project portal,1,https://nghm.mnre.gov.in/project?language=en,2026-06-19T02:46:56+00:00
9,nan,ACME Gopalpur Hydrogen Project Phase 2,Planned,Odisha,nan,nan,nan,Green Ammonia,284000,2000,-,nan,NGHM project portal,1,https://nghm.mnre.gov.in/project?language=en,2026-06-19T02:46:56+00:00
10,ACME,ACME Group Hydrogen Kendrapara Hydrogen Project,Announced,Kendrapada,Odisha,20.50411221,86.40998012,Methanol,79.27,317.10,-,nan,NGHM project portal,1,https://nghm.mnre.gov.in/project?language=en,2026-06-19T02:46:56+00:00
11,ACME Cleantech Solutions Pvt Ltd,ACME Mangaluru Hydrogen Project (Green Ammonia Project),Announced,Dakshina Kannada,Karnataka,12.915605,74.855965,Ammonia,-,1343.23,-,2027.0,NGHM project portal,1,https://nghm.mnre.gov.in/project?language=en,2026-06-19T02:46:56+00:00
12,ACME Cleantech Solutions Pvt Ltd,ACME Solar Tamil Nadu Hydrogen Project (Green Ammonia Project)- Phase I,Announced,Thoothukudi,Tamil Nadu,8.764166,78.134834,Ammonia,77.31,490.28,-,2028.0,NGHM project portal,1,https://nghm.mnre.gov.in/project?language=en,2026-06-19T02:46:56+00:00
13,ACME Cleantech Solutions Pvt Ltd,ACME Solar Tamil Nadu Hydrogen Project (Green Ammonia Project)- Phase II,Announced,Thoothukudi,Tamil Nadu,8.764166,78.134834,Ammonia,-,490.28,-,nan,NGHM project portal,1,https://nghm.mnre.gov.in/project?language=en,2026-06-19T02:46:56+00:00
14,ACME Cleantech Solutions Pvt Ltd,ACME Solar Tamil Nadu Hydrogen Project (Green Ammonia Project)- Phase III,Announced,Thoothukudi,Tamil Nadu,8.764166,78.134834,Ammonia,-,490.28,-,nan,NGHM project portal,1,https://nghm.mnre.gov.in/project?language=en,2026-06-19T02:46:56+00:00
15,nan,Adani and Maire Tecnimont - Green Hydrogen Projects JV,Announced,nan,nan,nan,nan,nan,-,-,-,nan,NGHM project portal,1,https://nghm.mnre.gov.in/project?language=en,2026-06-19T02:46:56+00:00
16,nan,Adani and TotalEnergies - Green Hydrogen Ecosystem,Announced,Gujarat,nan,nan,nan,nan,-,-,-,nan,NGHM project portal,1,https://nghm.mnre.gov.in/project?language=en,2026-06-19T02:46:56+00:00
17,Adani New Industries Ltd,Adani New Industries (ANIL),Announced,nan,nan,nan,nan,nan,1199.7,7608.45,-,nan,NGHM project portal,1,https://nghm.mnre.gov.in/project?language=en,2026-06-19T02:46:56+00:00
18,Adani New Industries Ltd,Adani New Industries (ANIL) Gujarat Hydrogen Project- Phase I,Announced,Kachchh,Gujarat,22.838802,69.72258,Ammonia,211.8,1343.23,-,2027.0,NGHM project portal,1,https://nghm.mnre.gov.in/project?language=en,2026-06-19T02:46:56+00:00
19,Adani New Industries Ltd,Adani New Industries (ANIL) Gujarat Hydrogen Project- Phase II,Announced,Kachchh,Gujarat,22.838802,69.72258,Ammonia,211.8,1343.23,-,2028.0,NGHM project portal,1,https://nghm.mnre.gov.in/project?language=en,2026-06-19T02:46:56+00:00
20,Adani New Industries Ltd,Adani New Industries (ANIL) Gujarat Hydrogen Project- Phase III,Announced,Kachchh,Gujarat,22.838802,69.72258,Ammonia,282.4,1790.97,-,2029.0,NGHM project portal,1,https://nghm.mnre.gov.in/project?language=en,2026-06-19T02:46:56+00:00
21,Adani New Industries Ltd,Adani New Industries (ANIL) Gujarat Hydrogen Project- Phase IV,Announced,Kachchh,Gujarat,22.838802,69.72258,Ammonia,282.4,1790.97,-,2030.0,NGHM project portal,1,https://nghm.mnre.gov.in/project?language=en,2026-06-19T02:46:56+00:00
22,Adani New Industries Ltd,Adani New Industries (ANIL) Gujarat Hydrogen Project- Phase V,Announced,Kachchh,Gujarat,22.838802,69.72258,Ammonia,600.1,3805.81,-,2032.0,NGHM project portal,1,https://nghm.mnre.gov.in/project?language=en,2026-06-19T02:46:56+00:00
23,Adani New Industries Ltd,Adani New Industries Limited (off-grid Green H2 pilot project),Commissioned,Kachchh,Gujarat,22.838802,69.72258,Hydrogen,-,5,-,2025.0,NGHM project portal,1,https://nghm.mnre.gov.in/project?language=en,2026-06-19T02:46:56+00:00
24,nan,Aditya Birla - Renewables and Green Hydrogen,Announced,Rajasthan,nan,nan,nan,nan,-,-,-,nan,NGHM project portal,1,https://nghm.mnre.gov.in/project?language=en,2026-06-19T02:46:56+00:00
25,Aditya Birla Renewables,Aditya Birla Renewables Odisha Green Hydrogen Plant,Announced,Jagatsinghpur,Odisha,20.27458131,86.67439992,Ammonia,17.65,111.94,-,2028.0,NGHM project portal,1,https://nghm.mnre.gov.in/project?language=en,2026-06-19T02:46:56+00:00
26,Advait Energy/ Haryana City Gas Bhiwadi Private Limited,Advait Energy / Haryana City Gas Bhiwadi Green Hydrogen Project,Announced,Khairthal-Tijara,Rajasthan,28.212387,76.861557,Hydrogen,2,15.00,-,2031.0,NGHM project portal,1,https://nghm.mnre.gov.in/project?language=en,2026-06-19T02:46:56+00:00
27,nan,Advik Hi-Tech and Pure Hydrogen - Hydrogen Supply JV,Announced,nan,nan,nan,nan,Mobility,-,-,-,nan,NGHM project portal,1,https://nghm.mnre.gov.in/project?language=en,2026-06-19T02:46:56+00:00
28,AM Green,AM Green Ammonia Tuticorin Hydrogen Project,Announced,Thoothukudi,Tamil Nadu,8.776944,78.195107,Ammonia,-,1119.36,-,2027.0,NGHM project portal,1,https://nghm.mnre.gov.in/project?language=en,2026-06-19T02:46:56+00:00
29,nan,AM Green Ammonia Tuticorin Hydrogen Project,Announced,nan,nan,nan,nan,Green Ammonia - Export to Germany,-,-,-,nan,NGHM project portal,1,https://nghm.mnre.gov.in/project?language=en,2026-06-19T02:46:56+00:00
30,AM Green,AM Green Kakinada Hydrogen- Project I,Under construction,Kakinada,Andhra Pradesh,16.976436,82.27126,Ammonia,176.5,1119.36,-,2026.0,NGHM project portal,1,https://nghm.mnre.gov.in/project?language=en,2026-06-19T02:46:56+00:00
31,AM Green,AM Green Kakinada Hydrogen- Project II,Announced,Kakinada,Andhra Pradesh,16.976436,82.27126,Ammonia,176.5,1119.36,-,2028.0,NGHM project portal,1,https://nghm.mnre.gov.in/project?language=en,2026-06-19T02:46:56+00:00
32,AM Green,AM Green Kandla Project,Announced,Kachchh,Gujarat,23.000271,70.220884,Ammonia,264.75,1679.03,-,2028.0,NGHM project portal,1,https://nghm.mnre.gov.in/project?language=en,2026-06-19T02:46:56+00:00
33,AM Green,AM Green Mangalore Project,Announced,Dakshina Kannada,Karnataka,12.8708,74.8441,Ammonia,176.5,1119.36,-,2028.0,NGHM project portal,1,https://nghm.mnre.gov.in/project?language=en,2026-06-19T02:46:56+00:00
34,AM Green,AM Green Una Hydrogen Project,Announced,Una,Himachal Pradesh,31.4685,76.2708,Ammonia,17.65,140.00,-,2029.0,NGHM project portal,1,https://nghm.mnre.gov.in/project?language=en,2026-06-19T02:46:56+00:00
35,Aranayak Fuel and Power LLP,Aranayak Fuel Mirzapur Hydrogen Project,Under construction,Mirzapur,Uttar Pradesh,25.137083,82.532938,Hydrogen,0.37,-,30,2026.0,NGHM project portal,1,https://nghm.mnre.gov.in/project?language=en,2026-06-19T02:46:56+00:00
36,Assam Petrochemicals,Assam Petrochemicals Kandla Hydrogen Project,Announced,Kachchh,Gujarat,23.02242902,70.20521163,Methanol,59.46,237.82,-,nan,NGHM project portal,1,https://nghm.mnre.gov.in/project?language=en,2026-06-19T02:46:56+00:00
37,nan,AVAADA &amp; Tata Steel Special Economic Zone Ltd (TSSEZL),Announced,nan,nan,nan,nan,Ammonia production,1300000,-,-,nan,NGHM project portal,1,https://nghm.mnre.gov.in/project?language=en,2026-06-19T02:46:56+00:00
38,nan,Avaada Energy - Green Ammonia Plant,Announced,Rajasthan - Kota,nan,nan,nan,Ammonia production,180000,1267.606,-,nan,NGHM project portal,1,https://nghm.mnre.gov.in/project?language=en,2026-06-19T02:46:56+00:00
39,nan,Avaada Energy - Green Ammonia Production,Announced,Karnataka - Mangaluru,nan,nan,nan,Ammonia production,180000,1150.000,-,nan,NGHM project portal,1,https://nghm.mnre.gov.in/project?language=en,2026-06-19T02:46:56+00:00
40,nan,Avaada Energy - Green Hydrogen and Ammonia,Announced,Madhya Pradesh,nan,nan,nan,Ammonia production,-,-,-,nan,NGHM project portal,1,https://nghm.mnre.gov.in/project?language=en,2026-06-19T02:46:56+00:00
41,Avaada Energy Pvt Ltd,Avaada Energy Mangaluru Hydrogen Project,Announced,Dakshina Kannada,Karnataka,12.917625,74.852746,Ammonia,-,1119.36,-,2028.0,NGHM project portal,1,https://nghm.mnre.gov.in/project?language=en,2026-06-19T02:46:56+00:00
42,Avaada Energy Pvt Ltd,Avaada Energy Odisha Green Ammonia Project,Announced,Ganjam,Odisha,19.2704,84.9058,Ammonia,-,612.85,-,2027.0,NGHM project portal,1,https://nghm.mnre.gov.in/project?language=en,2026-06-19T02:46:56+00:00
43,Avaada Energy Pvt Ltd,Avaada Kota Hydrogen Project,Announced,Kota,Rajasthan,25.214705,75.870806,Ammonia,-,1119.36,-,2030.0,NGHM project portal,1,https://nghm.mnre.gov.in/project?language=en,2026-06-19T02:46:56+00:00
44,Axis Energy Ventures,Axis Energy Ventures Private Limited - Andhra Pradesh Project- Phase I,Announced,Nellore,Andhra Pradesh,15.01201814,80.05159897,Ammonia/ Methanol,426.36,1352.42,-,2027.0,NGHM project portal,1,https://nghm.mnre.gov.in/project?language=en,2026-06-19T02:46:56+00:00
45,Axis Energy Ventures,Axis Energy Ventures Private Limited- Andhra Pradesh Project- Phase II,Announced,Nellore,Andhra Pradesh,15.01201814,80.05159897,Ammonia/ Methanol,426.36,1352.42,-,2030.0,NGHM project portal,1,https://nghm.mnre.gov.in/project?language=en,2026-06-19T02:46:56+00:00
46,Ayana Renewable Power Pvt Ltd / Greenstat,Ayana Energy/ Greenstat Bengaluru Hydrogen Project,Announced,Bengaluru Urban,Karnataka,12.9716,77.5946,Hydrogen,0.11,0.67,-,2028.0,NGHM project portal,1,https://nghm.mnre.gov.in/project?language=en,2026-06-19T02:46:56+00:00
47,Bharat Petroleum Corporation Limited,BPCL - Blending in CGD,Announced,nan,Maharashtra,nan,nan,Hydrogen,0.79,5.00,-,nan,NGHM project portal,1,https://nghm.mnre.gov.in/project?language=en,2026-06-19T02:46:56+00:00
48,nan,BPCL - Electrolyser and Blending,Announced,Maharashtra - Ahmednagar and/or Aurangabad,nan,nan,nan,Blending with Natural Gas,785,5.000,-,nan,NGHM project portal,1,https://nghm.mnre.gov.in/project?language=en,2026-06-19T02:46:56+00:00
49,nan,BPCL - Green Hydrogen,Commissioned,Madhya Pradesh - Bina,nan,nan,nan,Refinery,750,5.000,-,nan,NGHM project portal,1,https://nghm.mnre.gov.in/project?language=en,2026-06-19T02:46:56+00:00
50,nan,BPCL - Odisha Green Hydrogen Plants,Announced,Odisha,nan,nan,nan,nan,-,-,-,nan,NGHM project portal,1,https://nghm.mnre.gov.in/project?language=en,2026-06-19T02:46:56+00:00
51,Bharat Petroleum Corporation Limited,BPCL and CIAL Kochi Hydrogen Project,Under construction,Ernakulam,Kerala,10.151715,76.392867,Hydrogen,0.15,1,-,2025.0,NGHM project portal,1,https://nghm.mnre.gov.in/project?language=en,2026-06-19T02:46:56+00:00
52,Bharat Petroleum Corporation Limited,BPCL Bina Hydrogen Plant,Commissioned,Sagar,Madhya Pradesh,24.1796,78.1974,Hydrogen,0.78,5,-,2025.0,NGHM project portal,1,https://nghm.mnre.gov.in/project?language=en,2026-06-19T02:46:56+00:00
53,Bharat Petroleum Corporation Limited,BPCL Project 1,Announced,nan,nan,nan,nan,Hydrogen,7.6,48.20,-,nan,NGHM project portal,1,https://nghm.mnre.gov.in/project?language=en,2026-06-19T02:46:56+00:00
54,Bharat Petroleum Corporation Limited,BPCL Project 2,Announced,nan,nan,nan,nan,Hydrogen,20.7,131.28,-,nan,NGHM project portal,1,https://nghm.mnre.gov.in/project?language=en,2026-06-19T02:46:56+00:00
55,Bharat Petroleum Corporation Limited,BPCL Project 3,Announced,nan,nan,nan,nan,Hydrogen,37,-,-,nan,NGHM project portal,1,https://nghm.mnre.gov.in/project?language=en,2026-06-19T02:46:56+00:00
56,nan,BPCL- CIAL Green H2 plant,Announced,"Kochi Airport, Kerala",nan,nan,nan,GH2 production and fuelling station,-,100.000,-,nan,NGHM project portal,1,https://nghm.mnre.gov.in/project?language=en,2026-06-19T02:46:56+00:00
57,Center for Fuel Cell Technology,Center for Fuel Cell Technology Tamil Nadu Green Hydrogen Project,Commissioned,Chennai,Tamil Nadu,13.00274873,80.24175307,Hydrogen,0.001,0.01,-,2012.0,NGHM project portal,1,https://nghm.mnre.gov.in/project?language=en,2026-06-19T02:46:56+00:00
58,nan,CESC East Coast Hydrogen Project,Announced,nan,nan,nan,nan,Green Hydrogen,10500,-,-,nan,NGHM project portal,1,https://nghm.mnre.gov.in/project?language=en,2026-06-19T02:46:56+00:00
59,CESC Ltd,CESC East Coast Odisha Green Hydrogen Project,Announced,nan,Odisha,nan,nan,Hydrogen,10.5,66.59,-,2028.0,NGHM project portal,1,https://nghm.mnre.gov.in/project?language=en,2026-06-19T02:46:56+00:00
60,CGS Energy,CGS Energy Tuticorin Hydrogen Project,Announced,Thoothukudi,Tamil Nadu,8.760057437,78.1818675,Ammonia,19.33,122.57,-,nan,NGHM project portal,1,https://nghm.mnre.gov.in/project?language=en,2026-06-19T02:46:56+00:00
61,nan,CPCL - Green Hydrogen Production at Chennai Refinery,Announced,Tamil Nadu - Chennai,nan,nan,nan,Refinery,-,-,-,nan,NGHM project portal,1,https://nghm.mnre.gov.in/project?language=en,2026-06-19T02:46:56+00:00
62,Chennai Petroleum Corp Ltd,CPCL Manali Hydrogen Project- Phase I,Announced,Chennai,Tamil Nadu,13.162141,80.269685,Hydrogen,2,12.68,-,2027.0,NGHM project portal,1,https://nghm.mnre.gov.in/project?language=en,2026-06-19T02:46:56+00:00
63,Chennai Petroleum Corp Ltd,CPCL Manali Hydrogen Project- Phase II,Announced,Chennai,Tamil Nadu,13.162141,80.269685,Hydrogen,8,50.74,-,2030.0,NGHM project portal,1,https://nghm.mnre.gov.in/project?language=en,2026-06-19T02:46:56+00:00
64,Deendayal Port Authority Kandla Port/ L&T,Deendayal Port Authority Kandla Port Green Hydrogen Project-Phase I,Commissioned,Kachchh,Gujarat,23.01369724,70.21428462,Hydrogen,0.16,1.00,-,2025.0,NGHM project portal,1,https://nghm.mnre.gov.in/project?language=en,2026-06-19T02:46:56+00:00
65,Deendayal Port Authority Kandla Port/ L&T,Deendayal Port Authority Kandla Port Gujarat Green Hydrogen Project -Phase II,Under construction,Kachchh,Gujarat,23.01369724,70.21428462,Hydrogen,-,5.00,-,nan,NGHM project portal,1,https://nghm.mnre.gov.in/project?language=en,2026-06-19T02:46:56+00:00
66,EG Solwin Hybrid Pvt Ltd,EG Solwin Tata SEZ Odisha Hydrogen Project (Enfinity Global),Announced,Ganjam,Odisha,19.330196,84.911487,Ammonia,-,335.81,-,2029.0,NGHM project portal,1,https://nghm.mnre.gov.in/project?language=en,2026-06-19T02:46:56+00:00
67,Enfinity Global,Enfinity Global Odisha Project,Announced,Ganjam,Odisha,19.233935,84.870756,Ammonia,35.3,223.87,-,2029.0,NGHM project portal,1,https://nghm.mnre.gov.in/project?language=en,2026-06-19T02:46:56+00:00
68,Enfinity Global,Enfinity Global Tamil Nadu Project,Announced,Thoothukudi,Tamil Nadu,8.756517555,78.17978876,Ammonia,88.25,559.68,-,2029.0,NGHM project portal,1,https://nghm.mnre.gov.in/project?language=en,2026-06-19T02:46:56+00:00
69,Essar Group,Essar Gujarat Hydrogen Project,Announced,Jamnagar,Gujarat,22.4707,70.0577,Synthetic Fuels,-,1000,-,2028.0,NGHM project portal,1,https://nghm.mnre.gov.in/project?language=en,2026-06-19T02:46:56+00:00
70,nan,Fusion Fuel Green BGR Energy JV Hydrogen Plant,Announced,Tamil Nadu - Cuddalore,nan,nan,nan,nan,142,1,-,nan,NGHM project portal,1,https://nghm.mnre.gov.in/project?language=en,2026-06-19T02:46:56+00:00
71,Fusion Fuel Green Plc,Fusion Fuel Green BGR Energy JV Tamil Nadu Hydrogen Plant,Announced,Cuddalore,Tamil Nadu,11.748,79.7714,Hydrogen,-,1,-,2030.0,NGHM project portal,1,https://nghm.mnre.gov.in/project?language=en,2026-06-19T02:46:56+00:00
72,nan,GAIL - Vijaipur PEM Electrolyser Project,Commissioned,Madhya Pradesh - Guna,nan,nan,nan,Blending with Natural Gas,1569.5,10.000,-,nan,NGHM project portal,1,https://nghm.mnre.gov.in/project?language=en,2026-06-19T02:46:56+00:00
73,GAIL (India) Ltd,GAIL Vijaipur Green Hydrogen Plant,Commissioned,Guna,Madhya Pradesh,24.47941,77.1511,Hydrogen,-,10,-,2024.0,NGHM project portal,1,https://nghm.mnre.gov.in/project?language=en,2026-06-19T02:46:56+00:00
74,nan,GAIL- GH2 Project,Commissioned,"Vijaipur Complex, Madhya Pradesh",nan,nan,nan,PEM electrolyser for GH2 producing unit,1570.542,10.000,-,nan,NGHM project portal,1,https://nghm.mnre.gov.in/project?language=en,2026-06-19T02:46:56+00:00
75,nan,Gensol Matrix Pune Hydrogen Project,Announced,nan,nan,nan,nan,Green Hydrogen,-,-,-,nan,NGHM project portal,1,https://nghm.mnre.gov.in/project?language=en,2026-06-19T02:46:56+00:00
76,Gentari,Gentari (Petronas) Mangaluru Hydrogen Project,Announced,Dakshina Kannada,Karnataka,12.915605,74.855965,Ammonia,88.25,559.68,-,2028.0,NGHM project portal,1,https://nghm.mnre.gov.in/project?language=en,2026-06-19T02:46:56+00:00
77,Gentari,Gentari (Petronas) Tamil Nadu Hydrogen Project,Announced,Thoothukudi,Tamil Nadu,8.760057437,78.1818675,Ammonia,88.25,559.68,-,2027.0,NGHM project portal,1,https://nghm.mnre.gov.in/project?language=en,2026-06-19T02:46:56+00:00
78,nan,GH2 Solar (Uneecops Technologies) - Green Hydrogen Pilot,Announced,nan,nan,nan,nan,nan,7.87,0.050,-,nan,NGHM project portal,1,https://nghm.mnre.gov.in/project?language=en,2026-06-19T02:46:56+00:00
79,nan,GH2 Solar and NHPC - Green Hydrogen Microgrid,Announced,nan,nan,nan,nan,Microgrid,5.1,-,-,nan,NGHM project portal,1,https://nghm.mnre.gov.in/project?language=en,2026-06-19T02:46:56+00:00
80,nan,GIPCL Gujarat - 10+5 MW Green Hydrogen Project,Announced,Gujarat,nan,nan,nan,Chemical Industry,2354.2,15.000,-,nan,NGHM project portal,1,https://nghm.mnre.gov.in/project?language=en,2026-06-19T02:46:56+00:00
81,Gujarat Industries Power Co Ltd,GIPCL Gujarat Hydrogen Plant - Phase I,Announced,Vadodara,Gujarat,22.30963259,73.19366888,Hydrogen,-,5,-,nan,NGHM project portal,1,https://nghm.mnre.gov.in/project?language=en,2026-06-19T02:46:56+00:00
82,Gujarat Industries Power Co Ltd,GIPCL Gujarat Hydrogen Plant - Phase II,Announced,Vadodara,Gujarat,22.30963259,73.19366888,Hydrogen,-,10.00,-,nan,NGHM project portal,1,https://nghm.mnre.gov.in/project?language=en,2026-06-19T02:46:56+00:00
83,nan,Greenko - Green Hydrogen Production Plans,Announced,nan,nan,nan,nan,Ammonia production,540000,3440.000,-,nan,NGHM project portal,1,https://nghm.mnre.gov.in/project?language=en,2026-06-19T02:46:56+00:00
84,nan,Greenko Una Hydrogen Project,Announced,Himachal Pradesh - Una,nan,nan,nan,Ammonia production,19.88,140.000,-,nan,NGHM project portal,1,https://nghm.mnre.gov.in/project?language=en,2026-06-19T02:46:56+00:00
85,GreenZo Energy Pvt Ltd,Greenzo Hospet Hydrogen Project,Announced,Vijayanagara,Karnataka,15.26914516,76.38926892,Hydrogen,-,2.50,-,2029.0,NGHM project portal,1,https://nghm.mnre.gov.in/project?language=en,2026-06-19T02:46:56+00:00
86,Gujarat Energy Research and Management Institute,Gujarat Energy Research and Management Institute Green Hydrogen Project,Commissioned,Gandhinagar,Gujarat,23.15754467,72.68019162,Hydrogen,0.0015,0.01,-,2024.0,NGHM project portal,1,https://nghm.mnre.gov.in/project?language=en,2026-06-19T02:46:56+00:00
87,Gujarat Narmada Valley Fertilizers & Chemicals Limited,Gujarat Narmada Valley Fertilizers & Chemicals Limited-Gujarat Green Hydrogen Project Phase II,Announced,nan,Gujarat,nan,nan,Hydrogen/ Ammonia,-,5.00,-,nan,NGHM project portal,1,https://nghm.mnre.gov.in/project?language=en,2026-06-19T02:46:56+00:00
88,Gujarat Narmada Valley Fertilizers & Chemicals Limited,Gujarat Narmada Valley Fertilizers & Chemicals Limited-Gujarat Green Hydrogen Project- Phase I,Announced,nan,Gujarat,nan,nan,Hydrogen/ Ammonia,-,5.00,-,2026.0,NGHM project portal,1,https://nghm.mnre.gov.in/project?language=en,2026-06-19T02:46:56+00:00
89,Gujarat State Fertilizer & Chemical,Gujarat State Fertilizer & Chemical - Vadodara Unit,Announced,Vadodara,Gujarat,22.3748277,73.15246652,Hydrogen,1.4,10.00,-,2027.0,NGHM project portal,1,https://nghm.mnre.gov.in/project?language=en,2026-06-19T02:46:56+00:00
90,nan,Haryana City Gas Distribution Hydrogen Project,Announced,nan,nan,nan,nan,Hydrogen,2,15.000,-,nan,NGHM project portal,1,https://nghm.mnre.gov.in/project?language=en,2026-06-19T02:46:56+00:00
91,nan,Hero Future Energies and Ohmium - Green Hydrogen Partnership,Announced,nan,nan,nan,nan,nan,-,-,-,nan,NGHM project portal,1,https://nghm.mnre.gov.in/project?language=en,2026-06-19T02:46:56+00:00
92,nan,Hero Future Energies Tirupati Hydrogen Plant,Commissioned,Andhra Pradesh,nan,nan,nan,Green Hydrogen,42.6,0.300,-,nan,NGHM project portal,1,https://nghm.mnre.gov.in/project?language=en,2026-06-19T02:46:56+00:00
93,Hero Future Energies Pvt Ltd,Hero Future Energies/ Rockman Industries Tirupati Hydrogen Plant,Commissioned,Tirupati,Andhra Pradesh,13.578586,79.420662,Hydrogen,0.03,0.30,-,2025.0,NGHM project portal,1,https://nghm.mnre.gov.in/project?language=en,2026-06-19T02:46:56+00:00
94,nan,HLC - Himachal Green Hydrogen and Ammonia Plant,Announced,Himachal Pradesh,nan,nan,nan,Green Ammonia,300000,250.000,-,nan,NGHM project portal,1,https://nghm.mnre.gov.in/project?language=en,2026-06-19T02:46:56+00:00
95,nan,HLC Green Energy Kerala Hydrogen Project,Announced,nan,nan,nan,nan,Green Hydrogen,35500,250.000,-,nan,NGHM project portal,1,https://nghm.mnre.gov.in/project?language=en,2026-06-19T02:46:56+00:00
96,Hyderabad Metropolitan Water Supply & Sewerage Board,HMWSSB Amberpet Hydrogen Project,Announced,Hyderabad,Telangana,17.38168871,78.52497112,Hydrogen,-,160.00,-,2028.0,NGHM project portal,1,https://nghm.mnre.gov.in/project?language=en,2026-06-19T02:46:56+00:00
97,nan,HPCL - Andhra Pradesh Green Hydrogen Project,Announced,Andhra Pradesh,nan,nan,nan,Refinery,7300,46.500,-,nan,NGHM project portal,1,https://nghm.mnre.gov.in/project?language=en,2026-06-19T02:46:56+00:00
98,nan,HPCL - Green Hydrogen Plant,Commissioned,Andhra Pradesh - Visakhapatnam,nan,nan,nan,Refinery,370,2.400,-,nan,NGHM project portal,1,https://nghm.mnre.gov.in/project?language=en,2026-06-19T02:46:56+00:00
99,Hindustan Petroleum Corporation Ltd,HPCL Andhra Pradesh Hydrogen Project (Visakh Refinery) - Expansion -II,Announced,Visakhapatnam,Andhra Pradesh,17.689996,83.241517,Hydrogen,7.2,45.66,-,2028.0,NGHM project portal,1,https://nghm.mnre.gov.in/project?language=en,2026-06-19T02:46:56+00:00
100,Hindustan Petroleum Corporation Ltd,HPCL Andhra Pradesh Hydrogen Project (Visakh Refinery) - Expansion -III,Announced,Visakhapatnam,Andhra Pradesh,17.689996,83.241517,Hydrogen,12.2,77.37,-,2030.0,NGHM project portal,1,https://nghm.mnre.gov.in/project?language=en,2026-06-19T02:46:56+00:00
101,Hindustan Petroleum Corporation Ltd/ Ocior Energy,HPCL Andhra Pradesh Hydrogen Project (Visakh Refinery) - I,Announced,Visakhapatnam,Andhra Pradesh,17.689996,83.241517,Hydrogen,5,31.71,-,2028.0,NGHM project portal,1,https://nghm.mnre.gov.in/project?language=en,2026-06-19T02:46:56+00:00
102,HPCL Rajasthan Refinery Limited,HPCL Barmer Refinery Green Hydrogen Project,Announced,Balotra,Rajasthan,25.94364,72.203672,Hydrogen,4.3,27.27,-,2028.0,NGHM project portal,1,https://nghm.mnre.gov.in/project?language=en,2026-06-19T02:46:56+00:00
103,Hindustan Petroleum Corporation Ltd,HPCL Pilot Andhra Pradesh Hydrogen Project (Visakh Refinery),Commissioned,Visakhapatnam,Andhra Pradesh,17.689996,83.241517,Hydrogen,0.37,2.35,-,2024.0,NGHM project portal,1,https://nghm.mnre.gov.in/project?language=en,2026-06-19T02:46:56+00:00
104,Hydreen,Hydreen (HLC Green Energy) Kerala Hydrogen Project,Announced,nan,Kerala,nan,nan,Hydrogen/ Ammonia,-,250.00,-,2027.0,NGHM project portal,1,https://nghm.mnre.gov.in/project?language=en,2026-06-19T02:46:56+00:00
105,Hygenco India Pvt Ltd / Sterlite Technologies Limited,Hygenco (Photon Leap) Aurangabad Hydrogen Project,Commissioned,Chhatrapati Sambhajinagar,Maharashtra,19.835525,75.332661,Hydrogen,0.2,1.27,-,2025.0,NGHM project portal,1,https://nghm.mnre.gov.in/project?language=en,2026-06-19T02:46:56+00:00
106,nan,Hygenco and Jindal Stainless Limited - Green Hydrogen Plant,Announced,Haryana,nan,nan,nan,Steel production,75,0.528,-,nan,NGHM project portal,1,https://nghm.mnre.gov.in/project?language=en,2026-06-19T02:46:56+00:00
107,Hygenco India Pvt Ltd,Hygenco Heartland Ujjain Hydrogen Plant,Commissioned,Ujjain,Madhya Pradesh,23.1765,75.7885,Hydrogen,-,0.14,-,2022.0,NGHM project portal,1,https://nghm.mnre.gov.in/project?language=en,2026-06-19T02:46:56+00:00
108,Hygenco India Pvt Ltd,Hygenco Prayagraj Hydrogen Project,Announced,Prayagraj,Uttar Pradesh,25.350059,81.853748,Hydrogen,200,1268.39,-,2029.0,NGHM project portal,1,https://nghm.mnre.gov.in/project?language=en,2026-06-19T02:46:56+00:00
109,Hygenco India Pvt Ltd,Hygenco TSSEZL Gopalpur Hydrogen Project - Phase I,Under construction,Ganjam,Odisha,19.330165,84.911555,Ammonia,38.65,245.14,-,2027.0,NGHM project portal,1,https://nghm.mnre.gov.in/project?language=en,2026-06-19T02:46:56+00:00
110,Hygenco India Pvt Ltd,Hygenco TSSEZL Gopalpur Hydrogen Project- Phase II,Announced,Ganjam,Odisha,19.330165,84.911555,Ammonia,77.31,490.28,-,2028.0,NGHM project portal,1,https://nghm.mnre.gov.in/project?language=en,2026-06-19T02:46:56+00:00
111,Hygenco India Pvt Ltd,Hygenco TSSEZL Gopalpur Hydrogen Project- Phase II,Announced,Ganjam,Odisha,19.330165,84.911555,Ammonia,78.19,495.87,-,2030.0,NGHM project portal,1,https://nghm.mnre.gov.in/project?language=en,2026-06-19T02:46:56+00:00
112,nan,IH2A - Kochi Green Hydrogen (KGH2) Hub,Announced,Kerala - Kochi,nan,nan,nan,Mobility,22000,150.000,-,nan,NGHM project portal,1,https://nghm.mnre.gov.in/project?language=en,2026-06-19T02:46:56+00:00
113,nan,"IIPE, NTPC: Green Hydrogen Project",Announced,"Simhadri, Andhra Pradesh",nan,nan,nan,GH2 production using desalinated water,376,0.240,-,nan,NGHM project portal,1,https://nghm.mnre.gov.in/project?language=en,2026-06-19T02:46:56+00:00
114,Inox Air Products Pvt Ltd,INOX Air Products Chittorgarh Hydrogen Plant,Commissioned,Chittorgarh,Rajasthan,25.09882511,74.62389385,Hydrogen,0.19,1.20,-,2025.0,NGHM project portal,1,https://nghm.mnre.gov.in/project?language=en,2026-06-19T02:46:56+00:00
115,Inox Air Products Pvt Ltd,INOX Air Products Maharashtra Hydrogen Project,Announced,nan,Maharashtra,nan,nan,Ammonia,88.25,559.68,-,2030.0,NGHM project portal,1,https://nghm.mnre.gov.in/project?language=en,2026-06-19T02:46:56+00:00
116,nan,INOX Air: GH2 for Asahi India Glass Limited,Announced,nan,nan,nan,nan,Green Hydrogen production,190,1.338,-,nan,NGHM project portal,1,https://nghm.mnre.gov.in/project?language=en,2026-06-19T02:46:56+00:00
117,IOCL,IOCL Faridabad Green Hydrogen Plant,Commissioned,Faridabad,Haryana,28.38524,77.32944,Hydrogen,0.03,0.17,-,2023.0,NGHM project portal,1,https://nghm.mnre.gov.in/project?language=en,2026-06-19T02:46:56+00:00
118,IOCL/ IISC,IOCL & IISC Karnataka Hydrogen Plant,Commissioned,Bengaluru,Karnataka,13.01747103,77.57137809,Hydrogen,0.04,-,1.2,2022.0,NGHM project portal,1,https://nghm.mnre.gov.in/project?language=en,2026-06-19T02:46:56+00:00
119,nan,IOCL - Jodhpur Refinery Green Hydrogen Production,Announced,Rajasthan - Jodhpur,nan,nan,nan,nan,-,-,-,nan,NGHM project portal,1,https://nghm.mnre.gov.in/project?language=en,2026-06-19T02:46:56+00:00
120,nan,IOCL - Kochi Airport Green Hydrogen Production,Announced,Kerala - Kochi,nan,nan,nan,Fuel Cell Buses,-,-,-,nan,NGHM project portal,1,https://nghm.mnre.gov.in/project?language=en,2026-06-19T02:46:56+00:00
121,IOCL/ L&T,IOCL Panipat Hydrogen Plant,Under construction,Panipat,Haryana,29.47727971,76.88131666,Hydrogen,10,63.42,-,2027.0,NGHM project portal,1,https://nghm.mnre.gov.in/project?language=en,2026-06-19T02:46:56+00:00
122,IOCL,IOCL Vision,Announced,Across all its refineries,nan,nan,nan,nan,340,2156.27,-,2030.0,NGHM project portal,1,https://nghm.mnre.gov.in/project?language=en,2026-06-19T02:46:56+00:00
123,nan,"IOCL, L&T and ReNew - Green Hydrogen at Mathura Refinery",Announced,Uttar Pradesh - Mathura,nan,nan,nan,Blending with Grey Hydrogen,5000,31.900,-,nan,NGHM project portal,1,https://nghm.mnre.gov.in/project?language=en,2026-06-19T02:46:56+00:00
124,nan,"IOCL, L&T and ReNew - Green Hydrogen at Panipat Refinery",Announced,Haryana - Panipat,nan,nan,nan,Blending with Grey Hydrogen,7000,31.900,-,nan,NGHM project portal,1,https://nghm.mnre.gov.in/project?language=en,2026-06-19T02:46:56+00:00
125,nan,ISA and NDDB - Varanasi Ramnagar Green Hydrogen Project,Announced,Uttar Pradesh - Varanasi,nan,nan,nan,nan,-,-,-,nan,NGHM project portal,1,https://nghm.mnre.gov.in/project?language=en,2026-06-19T02:46:56+00:00
126,Jakson Green,Jakson Green - Deendayal Port Authority Green Ammonia Project,Announced,Kachchh,Gujarat,23.06405647,70.1435225,Ammonia,23.47,148.87,-,nan,NGHM project portal,1,https://nghm.mnre.gov.in/project?language=en,2026-06-19T02:46:56+00:00
127,nan,Jakson Green - Green Hydrogen and Ammonia,Announced,Rajasthan,nan,nan,nan,Ammonia production,65700,-,-,nan,NGHM project portal,1,https://nghm.mnre.gov.in/project?language=en,2026-06-19T02:46:56+00:00
128,Jakson Green,Jakson Green Kota Hydrogen Project - Phase I,Announced,Kota,Rajasthan,25.214705,75.870806,Ammonia,2.65,16.79,-,2025.0,NGHM project portal,1,https://nghm.mnre.gov.in/project?language=en,2026-06-19T02:46:56+00:00
129,Jakson Green,Jakson Green Kota Hydrogen Project - Phase II,Announced,Kota,Rajasthan,25.214705,75.870806,Ammonia,61.78,391.77,-,2028.0,NGHM project portal,1,https://nghm.mnre.gov.in/project?language=en,2026-06-19T02:46:56+00:00
130,Jakson Green,Jakson Green NCR Green Hydrogen Mobility Project,Announced,nan,nan,nan,nan,Hydrogen,-,3.80,-,nan,NGHM project portal,1,https://nghm.mnre.gov.in/project?language=en,2026-06-19T02:46:56+00:00
131,Jindal India Renewable Energy Ltd,Jindal Renewables Anugul Hydrogen Project,Announced,Angul,Odisha,20.849097,85.100246,Hydrogen,4.5,28.54,-,2026.0,NGHM project portal,1,https://nghm.mnre.gov.in/project?language=en,2026-06-19T02:46:56+00:00
132,Jindal Stainless Steel,Jindal Stainless Steel - Jajpur Plant,Announced,Cuttack,Odisha,20.83371947,86.35315851,Hydrogen,0.47,2.98,-,2026.0,NGHM project portal,1,https://nghm.mnre.gov.in/project?language=en,2026-06-19T02:46:56+00:00
133,Hygenco India Pvt Ltd/ Jindal Stainless Ltd,Jindal Stainless Steel/ Hygenco Hisar Hydrogen Plant,Commissioned,Hisar,Haryana,29.151861,75.721123,Hydrogen,0.25,1.59,-,2024.0,NGHM project portal,1,https://nghm.mnre.gov.in/project?language=en,2026-06-19T02:46:56+00:00
134,JK Srivastava/ Hynfra,JK Srivastava & Hynfra JV Visakhapatnam Hydrogen Project,Announced,Visakhapatnam,Andhra Pradesh,17.70779485,83.28938525,Ammonia,176.5,1119.36,-,2029.0,NGHM project portal,1,https://nghm.mnre.gov.in/project?language=en,2026-06-19T02:46:56+00:00
135,JSW Energy Ltd,JSW Energy Karnataka Hydrogen Project,Under construction,Vijayapura,Karnataka,17.482769,76.530593,Hydrogen,3.8,25.00,-,2025.0,NGHM project portal,1,https://nghm.mnre.gov.in/project?language=en,2026-06-19T02:46:56+00:00
136,nan,JSW Green Hydrogen - Green Hydrogen/Ammonia,Under Construction,Karnataka - Mangaluru,nan,nan,nan,Ammonia production,3800,26.761,-,nan,NGHM project portal,1,https://nghm.mnre.gov.in/project?language=en,2026-06-19T02:46:56+00:00
137,Juno Joule/ Select Energy,Juno Joule Energy Mulapeta Port Hydrogen Project,Announced,Srikakulam,Andhra Pradesh,18.53233984,84.32442422,Ammonia,180,1141.55,-,2029.0,NGHM project portal,1,https://nghm.mnre.gov.in/project?language=en,2026-06-19T02:46:56+00:00
138,Karnataka Renewable Energy Development Ltd,Karnataka Renewable Energy Development Ballari Hydrogen Project,Announced,Bellary,Karnataka,15.19268464,76.71085732,Hydrogen,-,0.30,-,nan,NGHM project portal,1,https://nghm.mnre.gov.in/project?language=en,2026-06-19T02:46:56+00:00
139,nan,Keppel Corp & Greenko - JV Green Ammonia,Announced,nan,nan,nan,nan,Ammonia production,-,-,-,nan,NGHM project portal,1,https://nghm.mnre.gov.in/project?language=en,2026-06-19T02:46:56+00:00
140,KP Group/ AHES/ GH2 Solar,KP Group/ AHES/ GH2 Solar Alliance - Green Ammonia Project,Announced,nan,nan,nan,nan,Ammonia,17.65,111.94,-,nan,NGHM project portal,1,https://nghm.mnre.gov.in/project?language=en,2026-06-19T02:46:56+00:00
141,KPI Green Hydrogen Pvt Ltd,KPI Green Matar Gujarat Hydrogen Plant,Commissioned,Kheda,Gujarat,22.70691,72.666257,Hydrogen,-,1.00,-,2025.0,NGHM project portal,1,https://nghm.mnre.gov.in/project?language=en,2026-06-19T02:46:56+00:00
142,nan,L&amp;T - Green Hydrogen Plant,Commissioned,Gujarat - Hazira,nan,nan,nan,Heavy Industry,113600,0.8000,-,nan,NGHM project portal,1,https://nghm.mnre.gov.in/project?language=en,2026-06-19T02:46:56+00:00
143,Larsen & Toubro Ltd,L&T Hazira Green Hydrogen Plant,Commissioned,Hazira,Gujarat,21.16197,72.66701,Hydrogen,0.15,1.00,-,2024.0,NGHM project portal,1,https://nghm.mnre.gov.in/project?language=en,2026-06-19T02:46:56+00:00
144,Larsen & Toubro Ltd/ Itochu,L&T Kandla Port Green Hydrogen Project - Phase I,Announced,Kachchh,Gujarat,23.003189,70.218478,Ammonia,52.95,335.81,-,nan,NGHM project portal,1,https://nghm.mnre.gov.in/project?language=en,2026-06-19T02:46:56+00:00
145,Larsen & Toubro Ltd,L&T Kandla Port Green Hydrogen Project - Phase II,Announced,Kachchh,Gujarat,23.003189,70.218478,Ammonia,264.75,1679.03,-,nan,NGHM project portal,1,https://nghm.mnre.gov.in/project?language=en,2026-06-19T02:46:56+00:00
146,Larsen & Toubro Ltd,L&T Paradeep Port Green Hydrogen Project,Announced,Jagatsinghpur,Odisha,20.2821581,86.6728315,Ammonia,317.7,2014.84,-,nan,NGHM project portal,1,https://nghm.mnre.gov.in/project?language=en,2026-06-19T02:46:56+00:00
147,ACME Cleantech Solutions Pvt Ltd / L Tech UVC,LTech UVC/ ACME Hydrogen Project,Announced,nan,nan,nan,nan,Ammonia,35.3,223.87,-,2030.0,NGHM project portal,1,https://nghm.mnre.gov.in/project?language=en,2026-06-19T02:46:56+00:00
148,nan,Mahagenco - Bhusawal Green Hydrogen Project,Announced,Maharashtra - Bhusawal,nan,nan,nan,Blending with Grey Hydrogen,15.75,0.100,-,nan,NGHM project portal,1,https://nghm.mnre.gov.in/project?language=en,2026-06-19T02:46:56+00:00
149,MAHAGENCO,MAHAGENCO Jalgaon Green Hydrogen Project,Under construction,Jalgaon,Maharashtra,21.04218507,75.79971508,Hydrogen,0.01,0.09,-,nan,NGHM project portal,1,https://nghm.mnre.gov.in/project?language=en,2026-06-19T02:46:56+00:00
150,nan,MAHAPREIT - Green Hydrogen Production,Announced,Maharashtra - Pune,nan,nan,nan,GH2 Production,157,1.000,-,nan,NGHM project portal,1,https://nghm.mnre.gov.in/project?language=en,2026-06-19T02:46:56+00:00
151,Mahatma Phule Renewable Energy and Infrastructure Technology Ltd,MAHAPREIT Pune Hydrogen Project,Under construction,Pune,Maharashtra,18.524599,73.854723,Hydrogen,-,1.00,-,2028.0,NGHM project portal,1,https://nghm.mnre.gov.in/project?language=en,2026-06-19T02:46:56+00:00
152,nan,Malati Fine Chemicals Pune Hydrogen Project,Announced,Maharashtra,nan,nan,nan,Green Hydrogen,-,-,-,nan,NGHM project portal,1,https://nghm.mnre.gov.in/project?language=en,2026-06-19T02:46:56+00:00
153,Medha Servo Drives Pvt Ltd,Medha Jind Hydrogen Project,Under construction,Jind,Haryana,29.343174,76.285623,Hydrogen,0.15,1.00,-,2026.0,NGHM project portal,1,https://nghm.mnre.gov.in/project?language=en,2026-06-19T02:46:56+00:00
154,nan,MRPL - Mangaluru Green Hydrogen Project,Announced,Karnataka - Mangaluru,nan,nan,nan,Refinery,500,3.521,-,nan,NGHM project portal,1,https://nghm.mnre.gov.in/project?language=en,2026-06-19T02:46:56+00:00
155,Mangalore Refinery and Petrochemicals Ltd,MRPL Mangaluru Hydrogen Project - Phase I,Announced,Dakshina Kannada,Karnataka,15.36788696,75.10695396,Hydrogen,0.5,3.17,-,2027.0,NGHM project portal,1,https://nghm.mnre.gov.in/project?language=en,2026-06-19T02:46:56+00:00
156,Mangalore Refinery and Petrochemicals Ltd,MRPL Mangaluru Hydrogen Project - Phase II,Announced,Dakshina Kannada,Karnataka,15.36788696,75.10695396,Hydrogen,10,63.42,-,nan,NGHM project portal,1,https://nghm.mnre.gov.in/project?language=en,2026-06-19T02:46:56+00:00
157,nan,National Fertilizers Ltd. - Nangal Green Ammonia Plant,Decommissioned,Punjab - Nangal,nan,nan,nan,Fertilizers,-,149.000,-,nan,NGHM project portal,1,https://nghm.mnre.gov.in/project?language=en,2026-06-19T02:46:56+00:00
158,National Institute of Solar Energy,National Institute of Solar Energy Gurgaon Green Hydrogen project,Commissioned,Gurgaon,Haryana,28.4639596580563,77.0082359940259,Hydrogen,0.01,0.05,-,nan,NGHM project portal,1,https://nghm.mnre.gov.in/project?language=en,2026-06-19T02:46:56+00:00
159,nan,NHPC - Green Hydrogen Production Pilot,Planned,Himachal Pradesh - Chamba,nan,nan,nan,Mobility,7.3,0.0514,-,nan,NGHM project portal,1,https://nghm.mnre.gov.in/project?language=en,2026-06-19T02:46:56+00:00
160,nan,NHPC - Kargil Green Hydrogen Pilot,Announced,Ladakh - Kargil,nan,nan,nan,Mobility,-,-,-,nan,NGHM project portal,1,https://nghm.mnre.gov.in/project?language=en,2026-06-19T02:46:56+00:00
161,nan,NHPC - Leh Green Hydrogen for Microgrid,Announced,Ladakh - Leh,nan,nan,nan,Microgrid,47.25,0.332,-,nan,NGHM project portal,1,https://nghm.mnre.gov.in/project?language=en,2026-06-19T02:46:56+00:00
162,NHPC Ltd,NHPC Chamba Hydrogen Project,Under construction,Chamba,Himachal Pradesh,32.5534,76.1258,Hydrogen,0.04,0.26,-,2026.0,NGHM project portal,1,https://nghm.mnre.gov.in/project?language=en,2026-06-19T02:46:56+00:00
163,NHPC Ltd,NHPC Ladakh Hydrogen Project,Under construction,Kargil,Ladakh,34.1526,77.5771,Hydrogen,0.01,0.28,-,2026.0,NGHM project portal,1,https://nghm.mnre.gov.in/project?language=en,2026-06-19T02:46:56+00:00
164,NHPC/ GH2 Solar Pvt Ltd,NHPC Leh Hydrogen Project (GH2 Solar),Under construction,Leh,Ladakh,34.16453,77.593512,Hydrogen,-,0.25,-,2026.0,NGHM project portal,1,https://nghm.mnre.gov.in/project?language=en,2026-06-19T02:46:56+00:00
165,NLC India Ltd,NLC India Neyveli Hydrogen Project,Announced,Cuddalore,Tamil Nadu,11.538644,79.479386,Hydrogen,-,4.00,-,2026.0,NGHM project portal,1,https://nghm.mnre.gov.in/project?language=en,2026-06-19T02:46:56+00:00
166,Nuclear Power Corporation of India Ltd,NPCIL Rawatbhata Hydrogen Plant,Announced,Chittorgarh,Rajasthan,24.87661487,75.62029382,Hydrogen,0.01,0.05,-,nan,NGHM project portal,1,https://nghm.mnre.gov.in/project?language=en,2026-06-19T02:46:56+00:00
167,Nuclear Power Corporation of India Ltd,NPCIL Tarapur Hydrogen Plant,Commissioned,Palghar,Maharashtra,19.83226341,72.66164705,Hydrogen,0.02,0.13,-,2024.0,NGHM project portal,1,https://nghm.mnre.gov.in/project?language=en,2026-06-19T02:46:56+00:00
168,nan,NTPC - AP Green Hydrogen Hub,Announced,nan,nan,nan,nan,Export,547500,-,-,nan,NGHM project portal,1,https://nghm.mnre.gov.in/project?language=en,2026-06-19T02:46:56+00:00
169,nan,NTPC - City Gas at NTPC Kawas,Commissioned,Gujarat - Surat,nan,nan,nan,Blending with Natural Gas,0.7,0.050,-,nan,NGHM project portal,1,https://nghm.mnre.gov.in/project?language=en,2026-06-19T02:46:56+00:00
170,nan,NTPC - Green Hydrogen for Fuel Cell Microgrid Simhadri,Under construction,Andhra Pradesh - Visakhapatnam,nan,nan,nan,Microgrid,37.6,0.240,-,nan,NGHM project portal,1,https://nghm.mnre.gov.in/project?language=en,2026-06-19T02:46:56+00:00
171,nan,NTPC - Green Hydrogen for Green Methanol from CC Ramagundam,Announced,Telangana - Ramagundam,nan,nan,nan,Methanol production,3650,23.300,-,nan,NGHM project portal,1,https://nghm.mnre.gov.in/project?language=en,2026-06-19T02:46:56+00:00
172,nan,NTPC - Green Hydrogen for Green Methanol from CC Vindhyachal,Commissioned,Madhya Pradesh - Vindhyachal,nan,nan,nan,Methanol production,730,5.000,-,nan,NGHM project portal,1,https://nghm.mnre.gov.in/project?language=en,2026-06-19T02:46:56+00:00
173,nan,NTPC - Green Hydrogen for Ladakh Fuelling Station,Commissioned,Ladakh - Jammu and Kashmir,nan,nan,nan,Mobility,29.2,0.206,-,nan,NGHM project portal,1,https://nghm.mnre.gov.in/project?language=en,2026-06-19T02:46:56+00:00
174,nan,NTPC - Green Hydrogen from Solar,Announced,"Gujarat - Khavda, Rann of Kutch",nan,nan,nan,nan,-,-,-,nan,NGHM project portal,1,https://nghm.mnre.gov.in/project?language=en,2026-06-19T02:46:56+00:00
175,nan,NTPC - New Energy Park : Green Hydrogen Hub,Announced,"Pudimadaka, AP",nan,nan,nan,PtX Products,547500,3855.634,-,nan,NGHM project portal,1,https://nghm.mnre.gov.in/project?language=en,2026-06-19T02:46:56+00:00
176,NTPC/ Gujarat Alkalies and Chemicals Ltd,NTPC / GACL Gujarat Hydrogen Project,Announced,nan,Gujarat,nan,nan,"Chemicals, Ammonia, Methanol",16.68,57.70,12.78,2028.0,NGHM project portal,1,https://nghm.mnre.gov.in/project?language=en,2026-06-19T02:46:56+00:00
177,nan,NTPC and GACL - Green Methanol and Ammonia,Announced,Gujarat,nan,nan,nan,Green Methanol,-,-,-,nan,NGHM project portal,1,https://nghm.mnre.gov.in/project?language=en,2026-06-19T02:46:56+00:00
178,NETRA (NTPC),NTPC Dadri Project,Commissioned,GautamBuddha Nagar,Uttar Pradesh,28.60851527,77.60379785,Hydrogen,0.02,0.10,-,2023.0,NGHM project portal,1,https://nghm.mnre.gov.in/project?language=en,2026-06-19T02:46:56+00:00
179,NTPC,NTPC Green Energy VOC Port Green Ammonia Project,Announced,Thoothukudi,Tamil Nadu,8.757427,78.178904,Ammonia,8.83,55.97,-,2027.0,NGHM project portal,1,https://nghm.mnre.gov.in/project?language=en,2026-06-19T02:46:56+00:00
180,NTPC Green Energy Ltd,NTPC Green Energy VOC Port Hydrogen Project,Announced,Thoothukudi,Tamil Nadu,8.757427,78.178904,Hydrogen,-,1.00,-,2028.0,NGHM project portal,1,https://nghm.mnre.gov.in/project?language=en,2026-06-19T02:46:56+00:00
181,nan,NTPC Green Hydrogen Mobility,Under construction,"Greater Noida, UP",nan,nan,nan,Mobility,94.9,1.600,-,nan,NGHM project portal,1,https://nghm.mnre.gov.in/project?language=en,2026-06-19T02:46:56+00:00
182,NTPC,NTPC Kandla Green Ammonia Project,Announced,Kachchh,Gujarat,23.002873,70.223284,Ammonia,17.65,111.94,-,2027.0,NGHM project portal,1,https://nghm.mnre.gov.in/project?language=en,2026-06-19T02:46:56+00:00
183,NTPC,NTPC Kandla Hydrogen Mobility Stations,Announced,Kachchh,Gujarat,23.002873,70.223284,Hydrogen,-,1.00,-,2026.0,NGHM project portal,1,https://nghm.mnre.gov.in/project?language=en,2026-06-19T02:46:56+00:00
184,nan,NTPC Kandla Hydrogen Plant,Announced,nan,nan,nan,nan,Hydrogen,142,1.000,-,nan,NGHM project portal,1,https://nghm.mnre.gov.in/project?language=en,2026-06-19T02:46:56+00:00
185,NTPC Green Energy Ltd,NTPC Kawas Hazira Hydrogen Project,Commissioned,Surat,Gujarat,21.17926406,72.69364651,Hydrogen,0.001,0.01,-,2023.0,NGHM project portal,1,https://nghm.mnre.gov.in/project?language=en,2026-06-19T02:46:56+00:00
186,NTPC,NTPC Ladakh (Army Micro Grid) Hydrogen Plant,Under construction,Leh,Ladakh,33.60384511,78.65284259,Hydrogen,0.07,1.00,-,2027.0,NGHM project portal,1,https://nghm.mnre.gov.in/project?language=en,2026-06-19T02:46:56+00:00
187,NTPC,NTPC Ladakh Hydrogen Plant,Commissioned,Leh,Ladakh,34.1526,77.5771,Hydrogen,0.03,0.19,-,2024.0,NGHM project portal,1,https://nghm.mnre.gov.in/project?language=en,2026-06-19T02:46:56+00:00
188,NETRA (NTPC),NTPC NETRA Biomass to Hydrogen Plant,Under construction,GautamBuddha Nagar,Uttar Pradesh,28.51516035,77.46665558,Hydrogen,0.37,-,25,2030.0,NGHM project portal,1,https://nghm.mnre.gov.in/project?language=en,2026-06-19T02:46:56+00:00
189,NETRA (NTPC),NTPC Netra Hydrogen (STP Water) Project,Commissioned,GautamBuddha Nagar,Uttar Pradesh,28.504634,77.464163,Hydrogen,0.05,0.35,-,2023.0,NGHM project portal,1,https://nghm.mnre.gov.in/project?language=en,2026-06-19T02:46:56+00:00
190,NETRA (NTPC),NTPC NETRA Lara Super Thermal Hydrogen Project,Under construction,Raigarh,Chhattisgarh,21.717995,83.458805,Hydrogen,1.1,7.50,-,2026.0,NGHM project portal,1,https://nghm.mnre.gov.in/project?language=en,2026-06-19T02:46:56+00:00
191,NTPC Green Energy Ltd,NTPC Pudimadaka Hydrogen Project - Phase II,Announced,Anakapalli,Andhra Pradesh,17.4927,83.0028,Ammonia,257.69,1634.26,-,2028.0,NGHM project portal,1,https://nghm.mnre.gov.in/project?language=en,2026-06-19T02:46:56+00:00
192,NTPC Green Energy Ltd,NTPC Pudimadaka Hydrogen Project - Phase III,Announced,Anakapalli,Andhra Pradesh,17.4927,83.0028,Methanol,217.01,868.06,-,2028.0,NGHM project portal,1,https://nghm.mnre.gov.in/project?language=en,2026-06-19T02:46:56+00:00
193,NTPC,NTPC Renewable Sipat Hydrogen Project,Announced,Bilaspur,Chhattisgarh,22.14323,82.289979,Hydrogen,-,2.00,-,2031.0,NGHM project portal,1,https://nghm.mnre.gov.in/project?language=en,2026-06-19T02:46:56+00:00
194,NTPC Ltd,NTPC Simhadri (Micro Grid) Hydrogen Plant,Under construction,Visakhapatnam,Andhra Pradesh,17.59715,83.08746,Hydrogen,-,0.24,-,2025.0,NGHM project portal,1,https://nghm.mnre.gov.in/project?language=en,2026-06-19T02:46:56+00:00
195,NETRA (NTPC),NTPC Simhadri (Sea Water) Hydrogen Plant,Under construction,Visakhapatnam,Andhra Pradesh,17.59715,83.08746,Hydrogen,0.37,2.31,-,nan,NGHM project portal,1,https://nghm.mnre.gov.in/project?language=en,2026-06-19T02:46:56+00:00
196,Indian Institute of Petroleum and Energy,NTPC Simhadri/ IIPE Visakhapatnam Green Hydrogen Plant,Under construction,Visakhapatnam,Andhra Pradesh,17.59620312,83.0875471,Hydrogen,0.37,0.06,-,2026.0,NGHM project portal,1,https://nghm.mnre.gov.in/project?language=en,2026-06-19T02:46:56+00:00
197,NTPC,NTPC Syama Prasad Mookerjee Port/ Kolkata Port Trust Green Ammonia Project,Announced,Kolkata,West Bengal,22.55658013,88.31417113,Ammonia,8.83,55.97,-,2028.0,NGHM project portal,1,https://nghm.mnre.gov.in/project?language=en,2026-06-19T02:46:56+00:00
198,NETRA (NTPC),NTPC Vindhyachal Green Hydrogen Plant,Commissioned,Singrauli,Madhya Pradesh,24.0993,82.67562,Methanol,0.73,5.00,-,2024.0,NGHM project portal,1,https://nghm.mnre.gov.in/project?language=en,2026-06-19T02:46:56+00:00
199,nan,"NTPC, Ohmium and Spirare Energy - NETRA campus",Announced,Uttar Pradesh - Greater Noida,nan,nan,nan,Energy Storage,52,0.330,-,nan,NGHM project portal,1,https://nghm.mnre.gov.in/project?language=en,2026-06-19T02:46:56+00:00
200,NETRA (NTPC),NTPC-NETRA UP Green Hydrogen Micro Grid,Commissioned,GautamBuddha Nagar,Uttar Pradesh,28.50527348,77.465508,Hydrogen,0.05,0.33,-,2024.0,NGHM project portal,1,https://nghm.mnre.gov.in/project?language=en,2026-06-19T02:46:56+00:00
201,NTPC/ GRIDCO/ CRUT,NTPC/ GRIDCO/ CRUT Mobility Project- Odisha,Announced,Khordha,Odisha,20.29615981,85.81742428,Hydrogen,0.16,1.00,-,nan,NGHM project portal,1,https://nghm.mnre.gov.in/project?language=en,2026-06-19T02:46:56+00:00
202,NTPC/ Jakson Green,NTPC/ Jakson Green Greater Noida Green hydrogen Mobility project,Under construction,GautamBuddha Nagar,Uttar Pradesh,28.47573833,77.50419481,Hydrogen,0.09,1.60,-,2025.0,NGHM project portal,1,https://nghm.mnre.gov.in/project?language=en,2026-06-19T02:46:56+00:00
203,nan,Numaligarh Refinery Hydrogen Project Phase 1,Announced,nan,nan,nan,nan,nan,2400,-,-,nan,NGHM project portal,1,https://nghm.mnre.gov.in/project?language=en,2026-06-19T02:46:56+00:00
204,Numaligarh Refinery Hydrogen Complex,Numaligarh Refinery Hydrogen Project Phase III,Announced,Golaghat,Assam,26.596,93.765428,Hydrogen,7.6,48.20,-,2035.0,NGHM project portal,1,https://nghm.mnre.gov.in/project?language=en,2026-06-19T02:46:56+00:00
205,Numaligarh Refinery Hydrogen Complex,Numaligarh Refinery Hydrogen Project- Phase I,Under construction,Golaghat,Assam,26.58920265,93.78912681,Hydrogen,2.4,16.00,-,2025.0,NGHM project portal,1,https://nghm.mnre.gov.in/project?language=en,2026-06-19T02:46:56+00:00
206,Numaligarh Refinery Hydrogen Complex,Numaligarh Refinery Hydrogen Project- Phase II,Announced,Golaghat,Assam,26.58920265,93.78912681,Hydrogen,10,63.42,-,nan,NGHM project portal,1,https://nghm.mnre.gov.in/project?language=en,2026-06-19T02:46:56+00:00
207,O2 Power Pvt Ltd,O2 Power Mangaluru Hydrogen Project,Announced,Dakshina Kannada,Karnataka,12.91361,74.856179,Ammonia,38.65,245.14,-,2030.0,NGHM project portal,1,https://nghm.mnre.gov.in/project?language=en,2026-06-19T02:46:56+00:00
208,nan,O2Power - Green Hydrogen/Ammonia,Announced,Karnataka - Mangaluru,nan,nan,nan,Ammonia production,-,-,-,nan,NGHM project portal,1,https://nghm.mnre.gov.in/project?language=en,2026-06-19T02:46:56+00:00
209,nan,Ocior - Gujarat MoU Green Hydrogen and Ammonia,Announced,Gujarat - Kutch,nan,nan,nan,nan,1000000,6371.000,-,nan,NGHM project portal,1,https://nghm.mnre.gov.in/project?language=en,2026-06-19T02:46:56+00:00
210,nan,Ocior - Odisha 1 MT Green Ammonia Plant,Announced,Odisha,nan,nan,nan,Ammonia production,1000000,-,-,nan,NGHM project portal,1,https://nghm.mnre.gov.in/project?language=en,2026-06-19T02:46:56+00:00
211,Ocior Energy India Pvt Ltd,Ocior Energy Andhra Pradesh Hydrogen Project,Announced,nan,Andhra Pradesh,nan,nan,Ammonia,176.5,1119.36,-,2029.0,NGHM project portal,1,https://nghm.mnre.gov.in/project?language=en,2026-06-19T02:46:56+00:00
212,Ocior Energy India Pvt Ltd,Ocior Energy Gujarat Hydrogen Project - Phase I,Announced,Kachchh,Gujarat,23.01369724,70.21428462,Ammonia,17.65,111.94,-,2029.0,NGHM project portal,1,https://nghm.mnre.gov.in/project?language=en,2026-06-19T02:46:56+00:00
213,Ocior Energy India Pvt Ltd,Ocior Energy Gujarat Hydrogen Project - Phase II,Announced,Kachchh,Gujarat,23.01369724,70.21428462,Ammonia,158.85,1007.42,-,2032.0,NGHM project portal,1,https://nghm.mnre.gov.in/project?language=en,2026-06-19T02:46:56+00:00
214,Ocior Energy India Pvt Ltd,Ocior Energy Odisha Hydrogen Project - Phase I,Under construction,Ganjam,Odisha,19.33026596,84.91147875,Ammonia,35.3,223.87,-,2028.0,NGHM project portal,1,https://nghm.mnre.gov.in/project?language=en,2026-06-19T02:46:56+00:00
215,Ocior Energy India Pvt Ltd,Ocior Energy Odisha Hydrogen Project - Phase II,Announced,Ganjam,Odisha,19.33026596,84.91147875,Ammonia,158.85,1007.42,-,2030.0,NGHM project portal,1,https://nghm.mnre.gov.in/project?language=en,2026-06-19T02:46:56+00:00
216,nan,OIL India - Jorhat Pump Station AEM Electrolyser,Commissioned,Assam,nan,nan,nan,Blending with Natural Gas,3.6,0.100,-,nan,NGHM project portal,1,https://nghm.mnre.gov.in/project?language=en,2026-06-19T02:46:56+00:00
217,Oil India Ltd/ H.P. Power Corporation Ltd,OIL India Himachal Pradesh Hydrogen Plant,Under construction,Solan,Himachal Pradesh,31.06859691,76.66499028,Hydrogen,0.15,1.00,-,2026.0,NGHM project portal,1,https://nghm.mnre.gov.in/project?language=en,2026-06-19T02:46:56+00:00
218,Oil India Ltd,OIL India Jorhat Hydrogen Plant,Commissioned,Jorhat,Assam,26.774127,94.203163,Hydrogen,0.004,0.10,-,2022.0,NGHM project portal,1,https://nghm.mnre.gov.in/project?language=en,2026-06-19T02:46:56+00:00
219,Oil India Limited,Oil India Limited Vision,Announced,nan,nan,nan,nan,Hydrogen,24.84,157.55,-,2030.0,NGHM project portal,1,https://nghm.mnre.gov.in/project?language=en,2026-06-19T02:46:56+00:00
220,ONGC,ONGC - Tatipaka (Green Hydrogen Project),Announced,East Godavari,Andhra Pradesh,16.50276567,81.89644526,Hydrogen,-,1.00,-,nan,NGHM project portal,1,https://nghm.mnre.gov.in/project?language=en,2026-06-19T02:46:56+00:00
221,nan,ONGC and Greenko - JV Green Hydrogen Project,Announced,Andhra Pradesh,nan,nan,nan,Ammonia Production,184600,1300.000,-,nan,NGHM project portal,1,https://nghm.mnre.gov.in/project?language=en,2026-06-19T02:46:56+00:00
222,ONGC,ONGC Mangaluru Hydrogen Project,Announced,Dakshina Kannada,Karnataka,12.917625,74.852746,Ammonia,-,1119.36,-,2035.0,NGHM project portal,1,https://nghm.mnre.gov.in/project?language=en,2026-06-19T02:46:56+00:00
223,Open Origin,Open Origin- Maharashtra Green Ammonia,Announced,nan,Maharashtra,nan,nan,Ammonia,127.08,805.94,-,2028.0,NGHM project portal,1,https://nghm.mnre.gov.in/project?language=en,2026-06-19T02:46:56+00:00
224,Oriana Power Pvt Ltd,Oriana Power E-Methanol Project,Announced,nan,nan,nan,nan,Methanol,39.64,158.55,-,2026.0,NGHM project portal,1,https://nghm.mnre.gov.in/project?language=en,2026-06-19T02:46:56+00:00
225,Oriana Power Pvt Ltd,Oriana Power Green Derivatives Vision,Announced,nan,nan,nan,nan,Ammonia/ Methanol,181.34,1150.02,390,2030.0,NGHM project portal,1,https://nghm.mnre.gov.in/project?language=en,2026-06-19T02:46:56+00:00
226,nan,Oswal Energies Hydrogen Project,Announced,nan,nan,nan,nan,Green Hydrogen,142,1,-,nan,NGHM project portal,1,https://nghm.mnre.gov.in/project?language=en,2026-06-19T02:46:56+00:00
227,Oswal Energies / Greenzo Energy,Oswal Energies Kachchh Hydrogen Project - Phase I,Under construction,Kachchh,Gujarat,23.915,70.367,Hydrogen,-,1.00,-,2026.0,NGHM project portal,1,https://nghm.mnre.gov.in/project?language=en,2026-06-19T02:46:56+00:00
228,nan,Petronas - Green Ammonia Production,Announced,Karnataka - Mangaluru,nan,nan,nan,Ammonia production,90000,575.000,-,nan,NGHM project portal,1,https://nghm.mnre.gov.in/project?language=en,2026-06-19T02:46:56+00:00
229,nan,Petronas - Green Hydrogen and Ammonia,Announced,Tamil Nadu,nan,nan,nan,Ammonia production,-,-,-,nan,NGHM project portal,1,https://nghm.mnre.gov.in/project?language=en,2026-06-19T02:46:56+00:00
230,nan,RBM Infracon Bhuj Hydrogen Project,Announced,nan,nan,nan,nan,Green Hydrogen,710,5.000,-,nan,NGHM project portal,1,https://nghm.mnre.gov.in/project?language=en,2026-06-19T02:46:56+00:00
231,RBM Infracon,RBM Infracon Jamnagar Hydrogen Project,Announced,Jamnagar,Gujarat,22.499687,70.00176,Hydrogen,-,7.50,-,nan,NGHM project portal,1,https://nghm.mnre.gov.in/project?language=en,2026-06-19T02:46:56+00:00
232,RBM Infracon,RBM Infracon Kutch Hydrogen Project,Announced,Kachchh,Gujarat,23.780214,69.774716,Hydrogen,-,7.50,-,nan,NGHM project portal,1,https://nghm.mnre.gov.in/project?language=en,2026-06-19T02:46:56+00:00
233,nan,REFPL - Odisha Green Hydrogen Project,Announced,"Malkangiri, Odisha",nan,nan,nan,Methanol production,100000,704.225,-,nan,NGHM project portal,1,https://nghm.mnre.gov.in/project?language=en,2026-06-19T02:46:56+00:00
234,nan,REFPL - Rayagada Odisha Green Hydrogen Project,Announced,"Rayagada, Odisha",nan,nan,nan,Methanol production,300000,-,-,nan,NGHM project portal,1,https://nghm.mnre.gov.in/project?language=en,2026-06-19T02:46:56+00:00
235,nan,Reliance Industries - Green Hydrogen Ecosystem Gujarat,Announced,Gujarat - Kutch,nan,nan,nan,nan,-,-,-,nan,NGHM project portal,1,https://nghm.mnre.gov.in/project?language=en,2026-06-19T02:46:56+00:00
236,Reliance Industries Limited,Reliance Industry Limited Maharashtra Hydrogen Project,Announced,nan,Maharashtra,nan,nan,Hydrogen,100,634.2,-,nan,NGHM project portal,1,https://nghm.mnre.gov.in/project?language=en,2026-06-19T02:46:56+00:00
237,nan,ReNew - GH2 Project Kerala,Announced,"Vizhinjam, Kerala",nan,nan,nan,Ammonia production,220000,2000.000,-,nan,NGHM project portal,1,https://nghm.mnre.gov.in/project?language=en,2026-06-19T02:46:56+00:00
238,nan,ReNew E-Fuels Private Limited - ReNew Paradip Green Ammonia Project,Announced,"Paradeep, Odisha",nan,nan,nan,Green Ammonia Production,20000,140.800,-,nan,NGHM project portal,1,https://nghm.mnre.gov.in/project?language=en,2026-06-19T02:46:56+00:00
239,ReNew Efuels/ JERA,ReNew Efuels/ Jera Paradip Hydrogen Project,Announced,Jagatsinghpur,Odisha,20.27458131,86.67439992,Ammonia,17.65,111.94,-,2030.0,NGHM project portal,1,https://nghm.mnre.gov.in/project?language=en,2026-06-19T02:46:56+00:00
240,nan,ReNew Energy-JERA Green Ammonia Project,Announced,nan,nan,nan,nan,Green Ammonia Production,100000,-,-,nan,NGHM project portal,1,https://nghm.mnre.gov.in/project?language=en,2026-06-19T02:46:56+00:00
241,ReNew Efuels/ Energy,ReNew Gopalpur Project - Phase I,Announced,Ganjam,Odisha,19.26613096,84.86111467,Ammonia,19.33,122.57,-,2027.0,NGHM project portal,1,https://nghm.mnre.gov.in/project?language=en,2026-06-19T02:46:56+00:00
242,ReNew Efuels/ Energy,ReNew Gopalpur Project - Phase II,Announced,Ganjam,Odisha,19.26613096,84.86111467,Ammonia,96.63,612.85,-,2029.0,NGHM project portal,1,https://nghm.mnre.gov.in/project?language=en,2026-06-19T02:46:56+00:00
243,ReNew Efuels/ Energy,ReNew Gopalpur Project - Phase III,Announced,Ganjam,Odisha,19.26613096,84.86111467,Ammonia,96.63,612.85,-,2031.0,NGHM project portal,1,https://nghm.mnre.gov.in/project?language=en,2026-06-19T02:46:56+00:00
244,ReNew Efuels/ Energy,ReNew Kakinada Project - Phase I,Announced,Kakinada,Andhra Pradesh,16.94620802,82.26018933,Ammonia,19.33,122.57,-,2027.0,NGHM project portal,1,https://nghm.mnre.gov.in/project?language=en,2026-06-19T02:46:56+00:00
245,ReNew Efuels/ Energy,ReNew Kakinada Project - Phase II,Announced,Kakinada,Andhra Pradesh,16.94620802,82.26018933,Ammonia,96.63,612.85,-,2029.0,NGHM project portal,1,https://nghm.mnre.gov.in/project?language=en,2026-06-19T02:46:56+00:00
246,ReNew Efuels/ Energy,ReNew Kakinada Project - Phase III,Announced,Kakinada,Andhra Pradesh,16.94620802,82.26018933,Ammonia,96.63,612.85,-,2031.0,NGHM project portal,1,https://nghm.mnre.gov.in/project?language=en,2026-06-19T02:46:56+00:00
247,ReNew Efuels/ Energy,ReNew Kandla Project - Phase I,Announced,Kachchh,Gujarat,23.01707763,70.20731679,Ammonia,19.33,122.57,-,2027.0,NGHM project portal,1,https://nghm.mnre.gov.in/project?language=en,2026-06-19T02:46:56+00:00
248,ReNew Efuels/ Energy,ReNew Kandla Project - Phase II,Announced,Kachchh,Gujarat,23.01707763,70.20731679,Ammonia,96.63,612.85,-,2029.0,NGHM project portal,1,https://nghm.mnre.gov.in/project?language=en,2026-06-19T02:46:56+00:00
249,ReNew Efuels/ Energy,ReNew Kandla Project - Phase III,Announced,Kachchh,Gujarat,23.01707763,70.20731679,Ammonia,96.63,612.85,-,2031.0,NGHM project portal,1,https://nghm.mnre.gov.in/project?language=en,2026-06-19T02:46:56+00:00
250,ReNew Energy Global PLC,ReNew Malkangiri Hydrogen Project - Phase I,Under construction,Malkangiri,Odisha,18.35492,81.885565,Methanol,50,317.10,-,2027.0,NGHM project portal,1,https://nghm.mnre.gov.in/project?language=en,2026-06-19T02:46:56+00:00
251,ReNew Energy Global PLC,ReNew Malkangiri Hydrogen Project - Phase II,Announced,Malkangiri,Odisha,18.35492,81.885565,Methanol,50,317.10,-,2029.0,NGHM project portal,1,https://nghm.mnre.gov.in/project?language=en,2026-06-19T02:46:56+00:00
252,nan,ReNew Power - Karnataka Green Hydrogen Projects,Announced,Karnataka - Mangaluru,nan,nan,nan,Ammonia production,200000,1406.000,-,nan,NGHM project portal,1,https://nghm.mnre.gov.in/project?language=en,2026-06-19T02:46:56+00:00
253,nan,Renew Power - Madhya Pradesh Green Hydrogen Plant,Announced,Madhya Pradesh,nan,nan,nan,Green Hydrogen,50000,352.113,-,nan,NGHM project portal,1,https://nghm.mnre.gov.in/project?language=en,2026-06-19T02:46:56+00:00
254,ReNew Efuels/ Energy,ReNew Tuticorin Project - Phase I,Announced,Thoothukudi,Tamil Nadu,8.756324914,78.17907263,Ammonia,19.33,122.57,-,2027.0,NGHM project portal,1,https://nghm.mnre.gov.in/project?language=en,2026-06-19T02:46:56+00:00
255,ReNew Efuels/ Energy,ReNew Tuticorin Project - Phase II,Announced,Thoothukudi,Tamil Nadu,8.756324914,78.17907263,Ammonia,96.63,612.85,-,2029.0,NGHM project portal,1,https://nghm.mnre.gov.in/project?language=en,2026-06-19T02:46:56+00:00
256,ReNew Efuels/ Energy,ReNew Tuticorin Project - Phase III,Announced,Thoothukudi,Tamil Nadu,8.756324914,78.17907263,Ammonia,96.63,612.85,-,2031.0,NGHM project portal,1,https://nghm.mnre.gov.in/project?language=en,2026-06-19T02:46:56+00:00
257,ReNew Energy Global PLC,ReNew Vizhinjam Hydrogen Project - Phase I,Announced,Thiruvananthapuram,Kerala,8.370762,76.991876,Ammonia,17.65,111.94,-,2030.0,NGHM project portal,1,https://nghm.mnre.gov.in/project?language=en,2026-06-19T02:46:56+00:00
258,ReNew Energy Global PLC,ReNew Vizhinjam Hydrogen Project - Phase II,Announced,Thiruvananthapuram,Kerala,8.370762,76.991876,Ammonia,88.25,559.68,-,2033.0,NGHM project portal,1,https://nghm.mnre.gov.in/project?language=en,2026-06-19T02:46:56+00:00
259,ReNew Energy Global PLC,ReNew Vizhinjam Hydrogen Project - Phase III,Announced,Thiruvananthapuram,Kerala,8.370762,76.991876,Ammonia,88.25,559.68,-,2036.0,NGHM project portal,1,https://nghm.mnre.gov.in/project?language=en,2026-06-19T02:46:56+00:00
260,Sadhana Nitro Chem Ltd,Sadhana Nitro Chem Hydrogen Project,Announced,nan,nan,nan,nan,Hydrogen,-,20.00,-,2029.0,NGHM project portal,1,https://nghm.mnre.gov.in/project?language=en,2026-06-19T02:46:56+00:00
261,nan,Sembcorp - Green Hydrogen/Ammonia Plant,Announced,nan,nan,nan,nan,Green Ammonia- Export to Japan,200000,-,-,nan,NGHM project portal,1,https://nghm.mnre.gov.in/project?language=en,2026-06-19T02:46:56+00:00
262,Sembcorp Industries Ltd,Sembcorp Gopalpur (Odisha) Hydrogen Project,Announced,Ganjam,Odisha,19.233935,84.870756,Ammonia,127.08,805.94,-,2028.0,NGHM project portal,1,https://nghm.mnre.gov.in/project?language=en,2026-06-19T02:46:56+00:00
263,nan,Sembcorp Green Hydrogen India - Green Ammonia Project Odisha,Announced,nan,nan,nan,nan,Ammonia Production,720000,-,-,nan,NGHM project portal,1,https://nghm.mnre.gov.in/project?language=en,2026-06-19T02:46:56+00:00
264,Sembcorp Industries Ltd,Sembcorp Thoothukudi Hydrogen Project,Announced,Thoothukudi,Tamil Nadu,8.756517555,78.17978876,Ammonia,35.3,223.87,-,2029.0,NGHM project portal,1,https://nghm.mnre.gov.in/project?language=en,2026-06-19T02:46:56+00:00
265,nan,Shell - Bengaluru Green Hydrogen Project,Commissioned,Karnataka - Bangalore,nan,nan,nan,Green Hydrogen,219000,1.000,-,nan,NGHM project portal,1,https://nghm.mnre.gov.in/project?language=en,2026-06-19T02:46:56+00:00
266,Shell plc/ Ceres Power,Shell Bengaluru Hydrogen Project,Under construction,nan,nan,nan,nan,nan,2.19,10.00,-,2029.0,NGHM project portal,1,https://nghm.mnre.gov.in/project?language=en,2026-06-19T02:46:56+00:00
267,Shell plc/ Ceres Power,Shell Bengaluru Hydrogen Project (Demo),Commissioned,Bengaluru Urban,Karnataka,13.15612986,77.70270023,Hydrogen,0.22,1.00,-,2025.0,NGHM project portal,1,https://nghm.mnre.gov.in/project?language=en,2026-06-19T02:46:56+00:00
268,nan,Shreetech Data Mayurbhanj Hydrogen Project,Announced,nan,nan,nan,nan,Green Hydrogen,-,-,-,nan,NGHM project portal,1,https://nghm.mnre.gov.in/project?language=en,2026-06-19T02:46:56+00:00
269,nan,SIGHT: Green Ammonia- Krishana Phoschem Limited- NTPC REL,Announced,"Meghnagar, Madhya Pradesh",nan,nan,nan,Fertilizer,12320,-,-,nan,NGHM project portal,1,https://nghm.mnre.gov.in/project?language=en,2026-06-19T02:46:56+00:00
270,nan,SIGHT: Green Ammonia- Madhya Bharat Agro Products Limited-III SCC Infrastructure Pvt Ltd,Announced,"Dhule, Madhya Pradesh",nan,nan,nan,Fertilizer,12320,-,-,nan,NGHM project portal,1,https://nghm.mnre.gov.in/project?language=en,2026-06-19T02:46:56+00:00
271,BSBK Pvt. Ltd/ Ten Eight Investment/ IIT Bhilai,"Simplex Castings Ltd (Consortium member: BSBK Pvt. Ltd., Ten Eight Investment, IIT Bhilai) -Steel Pilot Project",Announced,nan,nan,nan,nan,Hydrogen,14.6,-,-,2027.0,NGHM project portal,1,https://nghm.mnre.gov.in/project?language=en,2026-06-19T02:46:56+00:00
272,The Singareni Colleries Company Limited,Singareni Collieries Ramagundam Hydrogen Project,Announced,Peddapalli,Telangana,18.7567116,79.51466009,Hydrogen,1.83,11.57,-,2031.0,NGHM project portal,1,https://nghm.mnre.gov.in/project?language=en,2026-06-19T02:46:56+00:00
273,SGEL Assam Renewable Energy Ltd,SJVN Green Energy Assam Hydrogen Project,Announced,Sonitpur,Assam,26.77165148,92.70457761,Hydrogen,-,25.00,-,2031.0,NGHM project portal,1,https://nghm.mnre.gov.in/project?language=en,2026-06-19T02:46:56+00:00
274,SJVN Ltd,SJVN Himachal Pradesh Hydrogen Plant,Commissioned,Shimla,Himachal Pradesh,31.497444,77.70793,Hydrogen,0.01,0.09,-,2024.0,NGHM project portal,1,https://nghm.mnre.gov.in/project?language=en,2026-06-19T02:46:56+00:00
275,nan,SJVN Limited -NJHPS Multi-purpose GH2 Pilot Project,Commissioned,"Jhakri, Himachal Pradesh",nan,nan,nan,Green Hydrogen generation,4.34,0.100,-,nan,NGHM project portal,1,https://nghm.mnre.gov.in/project?language=en,2026-06-19T02:46:56+00:00
276,Southern Petrochemical Industries Corp Ltd,Southern Petrochemical Industries Corporation Thoothukudi Hydrogen Plant,Announced,Thoothukudi,Tamil Nadu,8.74036,78.13856,Ammonia,9.66,61.28,-,2026.0,NGHM project portal,1,https://nghm.mnre.gov.in/project?language=en,2026-06-19T02:46:56+00:00
277,Spray Engineering Devices Ltd,Spray Engineering Nalagarh Hydrogen Project Phase 1,Announced,Solan,Himachal Pradesh,30.967158,76.79172,Hydrogen,-,30.00,-,2031.0,NGHM project portal,1,https://nghm.mnre.gov.in/project?language=en,2026-06-19T02:46:56+00:00
278,Spray Engineering Devices Ltd,Spray Engineering Nalagarh Hydrogen Project Phase 2,Announced,Solan,Himachal Pradesh,30.967158,76.79172,Hydrogen,-,20.00,-,2033.0,NGHM project portal,1,https://nghm.mnre.gov.in/project?language=en,2026-06-19T02:46:56+00:00
279,nan,STL &amp; Hygenco GH2 Production Facility,Announced,nan,nan,nan,nan,GH2 Production,-,-,-,nan,NGHM project portal,1,https://nghm.mnre.gov.in/project?language=en,2026-06-19T02:46:56+00:00
280,nan,Suzuki and Yamanashi - Hydrogen Manesar Project,Announced,nan,nan,nan,nan,nan,-,-,-,nan,NGHM project portal,1,https://nghm.mnre.gov.in/project?language=en,2026-06-19T02:46:56+00:00
281,Synergen Green,Synergen Green India Hydrogen Project,Announced,nan,nan,nan,nan,Ammonia,38.65,250.00,-,2028.0,NGHM project portal,1,https://nghm.mnre.gov.in/project?language=en,2026-06-19T02:46:56+00:00
282,Tamil Nadu Generation and Distribution Corporation Limited / Greenzo,TANGEDCO Vayalur Green Hydrogen Project,Announced,Thiruvallur,Tamil Nadu,13.291441,80.310475,Hydrogen,0.01,0.09,-,2026.0,NGHM project portal,1,https://nghm.mnre.gov.in/project?language=en,2026-06-19T02:46:56+00:00
283,nan,Tata Steel SEZ- Hygenco GNH3 and GH2 project,Announced,nan,nan,nan,nan,Green Ammonia and hydrogen production,1000000,-,-,nan,NGHM project portal,1,https://nghm.mnre.gov.in/project?language=en,2026-06-19T02:46:56+00:00
284,Tehri Hydro Development Corporation Limited / Advait Energy Transitions Ltd,THDC India Ltd Rishikesh Green Hydrogen Project,Commissioned,Dehradun,Uttarakhand,30.085913,78.290048,Hydrogen,0.44,0.3,-,2024.0,NGHM project portal,1,https://nghm.mnre.gov.in/project?language=en,2026-06-19T02:46:56+00:00
285,Tehri Hydro Development Corporation Limited / MAHAGENCO,THDCIL - THDC India Ltd/ MAHAGENCO Maharashtra Hydrogen Plant,Announced,nan,Maharashtra,nan,nan,Hydrogen,50,-,-,nan,NGHM project portal,1,https://nghm.mnre.gov.in/project?language=en,2026-06-19T02:46:56+00:00
286,Pune Municipal Corporation/ TheGreenBillions Ltd,TheGreenBillions Pune Hydrogen Plant,Stalled,Pune,Maharashtra,18.51040253,73.91569005,Hydrogen,3.65,-,350,nan,NGHM project portal,1,https://nghm.mnre.gov.in/project?language=en,2026-06-19T02:46:56+00:00
287,nan,Thermax and FFI - Green Hydrogen Projects MoU,Announced,nan,nan,nan,nan,nan,-,-,-,nan,NGHM project portal,1,https://nghm.mnre.gov.in/project?language=en,2026-06-19T02:46:56+00:00
288,nan,THINK Gas - City Gas,Announced,Madhya Pradesh,nan,nan,nan,Blending with Natural Gas,550,5.000,-,nan,NGHM project portal,1,https://nghm.mnre.gov.in/project?language=en,2026-06-19T02:46:56+00:00
289,Torrent Power Ltd,Torrent Group Vision,Announced,nan,nan,nan,nan,Ammonia,61.78,391.77,-,nan,NGHM project portal,1,https://nghm.mnre.gov.in/project?language=en,2026-06-19T02:46:56+00:00
290,Torrent Power Ltd,Torrent Power Banaskantha/ Dahej Hydrogen Project,Announced,nan,Gujarat,nan,nan,Ammonia,17.65,111.94,-,2027.0,NGHM project portal,1,https://nghm.mnre.gov.in/project?language=en,2026-06-19T02:46:56+00:00
291,nan,Torrent Power Limited - 100 KTPA Green Ammonia Production Project,Announced,nan,nan,nan,nan,Green Ammonia production,50000,352.100,-,nan,NGHM project portal,1,https://nghm.mnre.gov.in/project?language=en,2026-06-19T02:46:56+00:00
292,Trafalgar Square Capital,Trafalgar Square Capital Lucknow Green Hydrogen Project,Announced,Lucknow,Uttar Pradesh,26.887798,81.011842,Hydrogen,10,63.42,-,2030.0,NGHM project portal,1,https://nghm.mnre.gov.in/project?language=en,2026-06-19T02:46:56+00:00
293,nan,Trafalgar Square Lucknow Hydrogen Project,Announced,nan,nan,nan,nan,Green Hydrogen,10000,-,-,nan,NGHM project portal,1,https://nghm.mnre.gov.in/project?language=en,2026-06-19T02:46:56+00:00
294,Umwelt Energy,Umwelt Energy Green Methanol Tamil Nadu Plant,Announced,nan,Tamil Nadu,nan,nan,Methanol,39.64,158.55,-,nan,NGHM project portal,1,https://nghm.mnre.gov.in/project?language=en,2026-06-19T02:46:56+00:00
295,VIBGYOR Group of Schools,VIBGYOR Group Bangalore Hydrogen Plant,Announced,Bengaluru Urban,Karnataka,12.966194,77.691834,Hydrogen,0.15,1.00,-,2026.0,NGHM project portal,1,https://nghm.mnre.gov.in/project?language=en,2026-06-19T02:46:56+00:00
296,VOC/ GH2 Solar,VOC Port / GH2 Solar Project,Commissioned,Thoothukudi,Tamil Nadu,8.473,78.1215,Hydrogen,-,0.05,-,2025.0,NGHM project portal,1,https://nghm.mnre.gov.in/project?language=en,2026-06-19T02:46:56+00:00
297,Biezel Green Energy Pvt Ltd,Watomo Energies/ Biezel Green Energy Khandwa Hydrogen Project,Announced,Khandwa,Madhya Pradesh,21.831602,76.350612,Hydrogen,0.37,-,30,2028.0,NGHM project portal,1,https://nghm.mnre.gov.in/project?language=en,2026-06-19T02:46:56+00:00
298,h2e Power Systems Pvt Ltd/ Ways2H Inc,Ways2H & h2e Power Systems Pune Hydrogen Project,Announced,Pune,Maharashtra,18.549284,73.832735,Hydrogen,0.37,-,10,nan,NGHM project portal,1,https://nghm.mnre.gov.in/project?language=en,2026-06-19T02:46:56+00:00
299,nan,WBPDCL - Green Hydrogen Plant Durgapur,Announced,West Bengal - Durgapur,nan,nan,nan,nan,-,-,-,nan,NGHM project portal,1,https://nghm.mnre.gov.in/project?language=en,2026-06-19T02:46:56+00:00
300,Welspun Corp Ltd,Welspun Gujarat Hydrogen Project-Phase I,Announced,Kachchh,Gujarat,23.022781,70.208693,Ammonia,17.65,111.94,-,2027.0,NGHM project portal,1,https://nghm.mnre.gov.in/project?language=en,2026-06-19T02:46:56+00:00
301,Welspun Corp Ltd,Welspun Gujarat Hydrogen Project-Phase II,Announced,Kachchh,Gujarat,23.022781,70.208693,Ammonia,158.85,1007.42,-,2030.0,NGHM project portal,1,https://nghm.mnre.gov.in/project?language=en,2026-06-19T02:46:56+00:00
302,nan,Welspun New Energy Bulandshahr Hydrogen Project,Announced,nan,nan,nan,nan,Green Ammonia,-,-,-,nan,NGHM project portal,1,https://nghm.mnre.gov.in/project?language=en,2026-06-19T02:46:56+00:00
303,Welspun Corp Ltd,Welspun New Energy Kendrapada Hydrogen Project-Phase I,Announced,Cuttack,Odisha,20.498792,86.418031,Ammonia,17.65,111.94,-,2027.0,NGHM project portal,1,https://nghm.mnre.gov.in/project?language=en,2026-06-19T02:46:56+00:00
304,Welspun Corp Ltd,Welspun New Energy Kendrapada Hydrogen Project-Phase II,Announced,Cuttack,Odisha,20.498792,86.418031,Ammonia,105.9,671.61,-,2030.0,NGHM project portal,1,https://nghm.mnre.gov.in/project?language=en,2026-06-19T02:46:56+00:00
305,nan,Welspun New Energy Limited - Green Ammonia Project,Announced,nan,nan,nan,nan,Ammonia production,700000,-,-,nan,NGHM project portal,1,https://nghm.mnre.gov.in/project?language=en,2026-06-19T02:46:56+00:00
306,WorldOne Energies,WorldOne Energies Nagpur Hydrogen Plant,Announced,Nagpur,Maharashtra,21.17371713,79.05767343,Hydrogen,-,2.50,-,2028.0,NGHM project portal,1,https://nghm.mnre.gov.in/project?language=en,2026-06-19T02:46:56+00:00
307,YamnaCo Ltd,YamnaCo Ltd - Andhra Pradesh Green Ammonia,Announced,Krishnapatnam,Andhra Pradesh,14.25318206,80.12125844,Ammonia,176.5,1119.36,-,2031.0,NGHM project portal,1,https://nghm.mnre.gov.in/project?language=en,2026-06-19T02:46:56+00:00
